Workbook

Sheet Inventory Records Data
B3: Inventory Records Data
B5: Product ID | C5: Product Name | D5: Opening Stock | E5: Purchase/ Stock in | F5: Number of Units Sold | G5: Hand-In- Stock | H5: Cost Price Per Unit (USD) | I5: Cost Price Total (USD) | J5: Stock Difference
B6: P105 | C6: Smartphone | D6: 70 | E6: 30 | F6: 20 | G6: 80 | H6: 900 | I6: =G6*H6 -> 72000 | J6: =G6-D6 -> 10
B7: P103 | C7: Keyboard | D7: 60 | E7: 25 | F7: 15 | G7: 70 | H7: 50 | I7: =G7*H7 -> 3500 | J7: =G7-D7 -> 10
B8: P114 | C8: Ethernet Cable | D8: 60 | E8: 30 | F8: 15 | G8: 75 | H8: 10 | I8: =G8*H8 -> 750 | J8: =G8-D8 -> 15
B9: P107 | C9: Router | D9: 55 | E9: 22 | F9: 12 | G9: 65 | H9: 150 | I9: =G9*H9 -> 9750 | J9: =G9-D9 -> 10
B10: P113 | C10: USB Flash Drive | D10: 50 | E10: 25 | F10: 12 | G10: 63 | H10: 20 | I10: =G10*H10 -> 1260 | J10: =G10-D10 -> 13
B11: P127 | C11: HDD | D11: 60 | E11: 25 | F11: 12 | G11: 73 | H11: 60 | I11: =G11*H11 -> 4380 | J11: =G11-D11 -> 13
B12: P125 | C12: RAM | D12: 50 | E12: 22 | F12: 11 | G12: 61 | H12: 80 | I12: =G12*H12 -> 4880 | J12: =G12-D12 -> 11
B13: P101 | C13: Laptop | D13: 50 | E13: 20 | F13: 10 | G13: 60 | H13: 1200 | I13: =G13*H13 -> 72000 | J13: =G13-D13 -> 10
B14: P110 | C14: Webcam | D14: 40 | E14: 20 | F14: 10 | G14: 50 | H14: 60 | I14: =G14*H14 -> 3000 | J14: =G14-D14 -> 10
B15: P122 | C15: Graphics Card | D15: 40 | E15: 18 | F15: 9 | G15: 49 | H15: 600 | I15: =G15*H15 -> 29400 | J15: =G15-D15 -> 9
B16: P129 | C16: PC Case | D16: 40 | E16: 18 | F16: 9 | G16: 49 | H16: 80 | I16: =G16*H16 -> 3920 | J16: =G16-D16 -> 9
B17: P138 | C17: Keyboard Cleaner | D17: 40 | E17: 18 | F17: 9 | G17: 49 | H17: 8 | I17: =G17*H17 -> 392 | J17: =G17-D17 -> 9
... B51: P136 | C51: External DVD Drive | D51: 15 | E51: 6 | F51: 2 | G51: 17 | H51: 50 | I51: =G51*H51 -> 850 | J51: =G51-D51 -> 2

Sheet Sheet1
A2: 1. What is the total value of the current inventory based on the cost price per unit?
A3: Answer | B3: =SUM('Inventory Records Data'!I6:I51) -> 359760
A5: 2. Which products have the highest and lowest stock levels?
A6: Answer | B6: Highest Stock | C6: {='Inventory Records Data'!B10:C10} -> P113 | D6: USB Flash Drive | E6: =MAX('Inventory Records Data'!G6:G51) -> 80
B7: Lowest Stock | C7: {='Inventory Records Data'!B41:C41} -> P140 | D7: USB Hub | E7: =MIN('Inventory Records Data'!G6:G51) -> 17
A9: 3. How does the opening stock compare to the current hand-in-stock for each product?
A10: Answer
A11: Product Name | B11: Opening Stock | C11: Hand-In- Stock | D11: Stock Difference
A12: Gaming Chair | B12: 15 | C12: 19 | D12: 4
A13: Gaming Monitor | B13: 25 | C13: 29 | D13: 4
A14: CPU Cooler | B14: 30 | C14: 34 | D14: 4
A15: Monitor Stand | B15: 25 | C15: 28 | D15: 3
A16: Cable Management Kit | B16: 30 | C16: 34 | D16: 4
A17: WiFi Adapter | B17: 20 | C17: 23 | D17: 3
A18: External DVD Drive | B18: 15 | C18: 17 | D18: 2
A19: Printer Cable | B19: 25 | C19: 29 | D19: 4
A20: USB Hub | B20: 35 | C20: 31 | D20: -4
A21: Anti-Glare Screen Protector | B21: 25 | C21: 28 | D21: 3
A22: USB-C Adapter | B22: 20 | C22: 24 | D22: 4
A23: Gaming Desk | B23: 25 | C23: 28 | D23: 3
A25: A positive value in the "Stock Difference" column indicates that the current hand-in-stock is higher than the opening stock, suggesting that additional units were added to the inventory.
A28: A negative value indicates that the current hand-in-stock is lower than the opening stock, suggesting that units were sold or removed from the inventory.
A32: 4. Which products have the highest number of units sold?
A33: Answer | B33: {='Inventory Records Data'!B6:C6} -> P105 | C33: Smartphone | D33: =MAX('Inventory Records Data'!F6:F51) -> 20
A35: 5.Are there any products that have not been sold at all?
A36: Answer | B36: Currently No, All products were sold
